query_id,bleu_GPT-5_instant,bleu_ClaudeSonnet-4.5,bleu_Llama-3.1_8B,bleu_Mistral_7B
0,0.408643508,0.542001287,0.241864296,0.371818209
1,0.391889351,0.494963886,0.238271566,0.290800391
2,0.719336825,0.742720711,0.724131159,0.667159057
3,0.551458462,0.642144292,0.537499461,0.489109458
4,0.662220464,0.68576152,0.567309235,0.535202128
5,0.63066473,0.644152285,0.429389727,0.557733302
6,0.52248433,0.652074803,0.419480309,0.341776321
7,0.339627612,0.363754083,0.15965745,0.279669486
8,0.61361292,0.566996515,0.426527003,0.395026356
