query_id,bleu_0shot,bleu_1shot,bleu_2shot,bleu_3shot,bleu_4shot
4,0.6345121986589578,0.6769901747942333,0.6867908044401065,0.6696685812096569,0.6403660857197645
5,0.5662924875698782,0.644347299591299,0.5724062198746747,0.5724062198746747,0.6251485282565136
6,0.49674705323287294,0.5739466463686657,0.5504457605110084,0.5850142597450058,0.6469072966032358
7,0.2069001285395712,0.16891257867475598,0.3069515426830363,0.4029327300298344,0.20097009361420234
12,0.5285029995929577,0.5301384420548153,0.55221104806435,0.5527842626501243,0.5773673948607144
Average,0.48659097351884756,0.5188670282967538,0.5337610751146352,0.5565612107018592,0.5381518798108862
