query_id,bleu_0shot,bleu_1shot,bleu_2shot,bleu_3shot,bleu_4shot
4,0.6064636410500068,0.6443552275425024,0.6588709386561499,0.6395901077850861,0.6147177989817025
5,0.5440019676689496,0.6199846577523872,0.5492989236919309,0.5492989236919309,0.6005765513719075
6,0.47586465558661856,0.5537588441702059,0.5334913891176176,0.5648884137314139,0.6260333407373357
7,0.1982319738309676,0.16181230935897634,0.2949232595447435,0.3903056826312181,0.23271951528932625
12,0.5063277932983336,0.5082220402012008,0.5300665166485131,0.5311742638271529,0.5549996706223124
