query_id,bleu_GPT-5_instant,bleu_GPT-4o,bleu_MetaAI_Llama-4,bleu_Gemini_2.5-Flash,bleu_Claude_Sonnet-4.5,bleu_Mistral_7B,bleu_GPT-5_thinking,bleu_Deepseek,bleu_Deepseek_DeepThink
1,0.35079747,0.280158581,0.107557439,0.317427241,0.295042706,0.142693669,0.064308936,0.314917738,0.280158581
2,0.426772366,0.34412705,0.257204833,0.062086074,0.312666875,0.347955085,0.088773083,0.41051318,0.429745437
3,0.498367167,0.498367167,0.492013799,0.578161614,0.247198991,0.172919511,0.145800614,0.605635951,0.502439615
4,0.450775339,0.388689595,0.209472913,0.303388148,0.404705324,0.17965503,0.362984559,0.23769024,0.287766968
Average,0.431678085,0.377835598,0.266562246,0.315265769,0.314903474,0.210805824,0.165466798,0.392189277,0.37502765
