query_id,bleu_GPT-5_instant,bleu_Mistral_7B,average
1,0.26721787735504077,0.10030164331692061,0.18375976033598068
2,0.44257069553491507,0.2815554248756932,0.3620630602053041
3,0.32953178580926673,0.25959146371093,0.2945616247600984
Average,0.3464401195664075,0.21381617730118127,0.2801281484337944
