query_id,bleu_GPT-5_instant,bleu_GPT-4o,bleu_MetaAI_Llama-4,bleu_Gemini_2.5-Flash,bleu_Claude_Sonnet-4.5,bleu_Mistral_7B,bleu_GPT-5_thinking,bleu_Deepseek,bleu_Deepseek_DeepThink
1,0.3507974695070906,0.2801585814237798,0.10755743874016771,0.3174272414570296,0.29504270610230904,0.14269366897234756,0.06430893572076933,0.3149177383821867,0.2801585814237798
2,0.42677236595400525,0.3154278467919786,0.07136219176080422,0.06208607352590117,0.24607834766386066,0.18644293565706174,0.0770217215069485,0.25938465095318186,0.27153664157181506
3,0.4983671665918973,0.1580334943675289,0.19799357183519548,0.2807947208001604,0.12472837493236935,0.05618136132464223,0.145800614219323,0.2630681734611373,0.5024396150165106
4,0.4507753391845464,0.1429268992337517,0.08177908717996674,0.2280217828902568,0.2324384764086162,0.026942396908612158,0.12256613885016418,0.1943712260612941,0.13537695184694293
Average,0.4316780853093849,0.22413670545425973,0.11467307237903354,0.22208245466833698,0.22457197627678882,0.10306509071566593,0.10242435257430124,0.25793544721444994,0.2973779474647621
