query_id,bleu_GPT-5_instant,bleu_GPT-4o,bleu_MetaAI_Llama-4,bleu_Gemini_2.5-Flash,bleu_Claude_Sonnet-4.5,bleu_Mistral_7B,bleu_GPT-5_thinking,bleu_Deepseek,bleu_Deepseek_DeepThink
1,0.35079747,0.280158581,0.107557439,0.317427241,0.295042706,0.142693669,0.064308936,0.314917738,0.280158581
2,0.426772366,0.315427847,0.071362192,0.062086074,0.246078348,0.186442936,0.077021722,0.259384651,0.271536642
3,0.498367167,0.158033494,0.197993572,0.280794721,0.124728375,0.056181361,0.145800614,0.263068173,0.502439615
4,0.450775339,0.142926899,0.081779087,0.228021783,0.232438476,0.026942397,0.122566139,0.194371226,0.135376952
