query_id,bleu_GPT-5_instant,bleu_Mistral_7B
1,0.26721787735504077,0.10030164331692061
2,0.44257069553491507,0.2815554248756932
3,0.32953178580926673,0.25959146371093
Average,0.3464401195664075,0.21381617730118127
