query_id,bleu_GPT-5_instant,bleu_Mistral_7B,average
1,0.2475510371641253,0.10030164331692061,0.17392634024052295
2,0.4656548871421238,0.2932443849426194,0.3794496360423716
3,0.3336768384742818,0.2694740918763964,0.3015754651753391
Average,0.3489609209268436,0.22100670671197883,0.28498381381941124
