query_id,bleu_GPT-5_instant,bleu_GPT-4o,bleu_MetaAI_Llama-4,bleu_Gemini_2.5-Flash,bleu_Claude_Sonnet-4.5,bleu_Mistral_7B,bleu_GPT-5_thinking,bleu_Deepseek,bleu_Deepseek_DeepThink
1,0.3507974695070906,0.2801585814237798,0.10755743874016771,0.3174272414570296,0.29504270610230904,0.14269366897234756,0.06430893572076933,0.3149177383821867,0.2801585814237798
2,0.42677236595400525,0.3441270504844782,0.25720483335080024,0.06208607352590117,0.31266687467729276,0.34795508536683145,0.08877308338058768,0.41051318026602696,0.4297454374450319
3,0.4983671665918973,0.4983671665918973,0.4920137987102696,0.5781616140792845,0.24719899051227015,0.17291951108915646,0.145800614219323,0.6056359506489936,0.5024396150165106
4,0.4507753391845464,0.3886895948377473,0.20947291269268659,0.3033881477622965,0.4047053237612687,0.1796550300952165,0.362984559165239,0.2376902396531811,0.28776696793214296
Average,0.4316780853093849,0.37783559833447566,0.26656224587348104,0.3152657692061279,0.31490347376328515,0.21080582388088798,0.16546679812147974,0.39218927723759706,0.37502765045436626
