query_id,bleu_with_terms,bleu_with_embeddings,bleu_with_nhop
1,0.21119011447369887,0.21191874382884984,0.23376670571579863
2,0.37490271827816346,0.5249156419859716,0.44257069553491507
3,0.23270734506270688,0.3300694643781759,0.36201765987964024
Average,0.2729333926048564,0.3556346167309991,0.346118353710118
