query_id,bleu_terms,bleu_embs,bleu_onehop,bleu_nhop,bleu_nhop_terms_embs
1,0.2888770769724008,0.23880318544507953,0.26500719230911574,0.3507974695070906,0.2906268014700387
2,0.3181523299240377,0.2828419770123329,0.27473240213871986,0.42677236595400525,0.4595823078205099
3,0.3456135012202922,0.44243939792269493,0.47928283013825757,0.4983671665918973,0.504708023088098
4,0.37234662939319535,0.3053025315829263,0.3053025315829263,0.4507753391845464,0.3404684933012126
