query_id,bleu_terms,bleu_embs,bleu_nhop,average
1,0.22387346481647735,0.1897522398460683,0.2475510371641253,0.22039224727555698
2,0.3872827193265009,0.4635913439189336,0.4656548871421238,0.43884298346251943
3,0.2433451606200647,0.29405658614449787,0.3336768384742818,0.2903595284129481
Average,0.28483378158768097,0.31580005663649996,0.3489609209268436,0.31653158638367485
