query_id,bleu_terms,bleu_embs,bleu_onehop,bleu_onehop_terms_embs,bleu_nhop,bleu_nhop_terms_embs
1,0.031152735147425493,0.003761012612417788,0.053388136810663143,0.031009960688775876,0.0840399148500158,0.05741486897129737
2,0.04532334715018802,0.03653517985654904,0.0,0.0,0.05703426316443948,0.0
3,0.09424606221497052,0.08631929238178107,0.0,0.0,0.12694021877958478,0.0
4,0.04234070107143244,0.03869549601428759,0.0,0.0,0.210671302535977,0.0
