query_id,fuzzy_recall_terms,fuzzy_recall_embs
1,0.3958333333333333,0.2604166666666667
2,0.37209302325581395,0.29069767441860467
3,0.16666666666666666,0.1875
4,0.21739130434782608,0.2318840579710145
