query_id,fuzzy_recall_terms,fuzzy_recall_embs,fuzzy_recall_onehop,fuzzy_recall_onehop_terms_embs,fuzzy_recall_nhop,fuzzy_recall_nhop_terms_embs
1,0.43373494,0.277108434,0.277108434,0.337349398,0.421686747,0.337349398
2,0.410958904,0.315068493,0,0,0.315068493,0
3,0.179487179,0.205128205,0,0,0.358974359,0
4,0.277777778,0.296296296,0,0,0.37037037,0
