query_id,bleu_GPT-5_instant,bleu_ClaudeSonnet-4.5,bleu_Llama-3.1_8B,bleu_Mistral_7B
0,0.393266697,0.419256486,0.42381389,0.341597961
1,0.387192013,0.536249731,0.354434555,0.321021442
2,0.749739538,0.742720711,0.766304371,0.744476842
3,0.658743682,0.675592945,0.581219378,0.650265768
4,0.680814202,0.662220464,0.677503865,0.657106722
5,0.566472154,0.642154889,0.527874962,0.519878247
6,0.564795259,0.600008749,0.450253544,0.450393719
7,0.216434413,0.380058163,0.260892567,0.369898311
8,0.618221891,0.569098169,0.489458791,0.600991424
