query_id,bleu_GPT-5_instant,bleu_ClaudeSonnet-4.5,bleu_Llama-3.1_8B,bleu_Mistral_7B
0,1,0.765458605,0.896633712,1
1,1,0.640701408,0.486147463,0.418672866
2,0.78885521,0.782235662,1,0.778236344
3,0.696854986,0.724982455,0.766825752,0.752400999
4,0.718068504,0.687429747,0.701659556,0.751040397
5,0.63583036,0.63583036,0.622126308,0.674057816
6,0.618668202,0.689461554,0.548692041,0.552803746
7,0.300070467,0.397273488,0.285042868,0.251381342
8,0.599112716,0.485229752,0.526211021,0.521665972
