query_id,bleu_GPT-5_instant,bleu_GPT-4o,bleu_Deepseek,bleu_Gemini_2.5-Flash,bleu_Claude_Sonnet-4.5,bleu_Mistral_7B,average
1,0.3507974695070906,0.2801585814237798,0.3149177383821867,0.3174272414570296,0.29504270610230904,0.14269366897234756,0.2835062343074572
2,0.42677236595400525,0.3441270504844782,0.41051318026602696,0.06208607352590117,0.31266687467729276,0.34795508536683145,0.3173534383790893
3,0.4983671665918973,0.4983671665918973,0.6056359506489936,0.5781616140792845,0.24719899051227015,0.17291951108915646,0.43344173325224983
4,0.4507753391845464,0.3886895948377473,0.2376902396531811,0.3033881477622965,0.4047053237612687,0.1796550300952165,0.3274839458823761
Average,0.4316780853093849,0.37783559833447566,0.39218927723759706,0.3152657692061279,0.31490347376328515,0.21080582388088798,0.3404463379552931
