query_id,bleu_GPT-5_instant,bleu_ClaudeSonnet-4.5,bleu_Llama-3.1_8B,bleu_Mistral_7B
0,0.547529224,0.765458605,0.917105083,0.682414262
1,0.527147017,0.759181789,0.711280541,0.529440135
2,0.901249848,0.821601031,0.832304744,0.909714364
3,0.760866535,0.713758266,0.737023827,0.73999209
4,0.689566438,0.658721017,0.494212252,0.612776114
5,0.546405467,0.637168126,0.586285139,0.610118006
6,0.683642398,0.629190934,0.474963653,0.386541197
7,0.341045548,0.425733089,0.358194777,0.272893508
8,0.624157864,0.522277093,0.310089398,0.544125642
