query_id,bleu_GPT-5_instant,bleu_ClaudeSonnet-4.5,bleu_Llama-3.1_8B,bleu_Mistral_7B
0,0.727874348,0.765458605,0.714677732,1
1,0.527147017,0.731168467,0.696134688,1
2,0.821601031,0.937175238,1,1
3,0.724982455,0.707179122,0.747610548,0.761565206
4,0.701241891,0.699216255,0.696214016,0.651808782
5,0.631080067,0.637168126,0.583152988,0.555919666
6,0.556552573,0.697067285,0.388944533,0.405177011
7,0.310852802,0.199104195,0.380891896,0.282963589
8,0.631027996,0.598239328,0.429399962,0.600654663
