query_id,bleu_GPT-5_instant,bleu_ClaudeSonnet-4.5,bleu_Llama-3.1_8B,bleu_Mistral_7B
0,0.456518088,0.560312105,0.280134801,0.352203781
1,0.36800935,0.472095859,0.223857954,0.267226209
2,0.719336825,0.771797787,0.744710577,0.661189298
3,0.504792486,0.652023197,0.54367637,0.501562403
4,0.702050484,0.702050484,0.607571319,0.567309235
5,0.595928902,0.607249901,0.377772546,0.421239896
6,0.470363928,0.698322219,0.503700377,0.427699904
7,0.261864067,0.32910423,0.138380348,0.169669685
8,0.673779318,0.556313148,0.399632418,0.367086747
